GEO_ID,factor_white_nonHispanic,factor_owner_occupied,factor_earning_higher_than_national_poverty_rate,factor_over_25_with_high_school_diploma_or_higher,factor_without_disability_age_18_to_65,FIPS,R1,R2,R3,R4,R5,SVS,zone
1400000US12071000303,0.30439814814814814,0.6229235880398671,0.7940835266821346,0.6712436249509611,0.5460069444444444,12071000303,0.5221881540753558,0.9605988144154688,0.9109520897863991,0.7538456321272936,0.9968305743426454,0.8288830529494324,Medium to High Vulnerable (zone4)
1400000US12071000304,0.7215189873417721,0.3241469816272966,0.9312839059674503,0.9234972677595629,0.6775165762507535,12071000304,1.2377495409300245,0.4998609977627077,1.068344817415006,1.0371411447414438,1.236924263880712,1.016004152945979,Medium Vulnerable (zone3)
1400000US12071000305,0.08025343189017951,0.32920110192837465,0.8004223864836325,0.6918238993710691,0.5913410770855333,12071000305,0.13767295140228364,0.5076548621504823,0.9182238658515245,0.7769584773043527,1.0795959126551884,0.6840212138727664,High Vulnerable (zone5)
1400000US12071000306,0.20354231093618216,0.29411764705882354,0.7593477649704807,0.573744769874477,0.6513916221535001,12071000306,0.3491722412590626,0.4535533225710684,0.8711041220873793,0.6443487470847143,1.1892286195992317,0.7014814105202912,High Vulnerable (zone5)
1400000US12071000401,0.34425675675675677,0.6511111111111111,0.8996621621621621,0.6564844587352626,0.5888135593220339,12071000401,0.5905646976908957,1.0040662665451074,1.032069170541339,0.7372702300348598,1.0749814896895358,0.8877903709003474,Medium to High Vulnerable (zone4)
1400000US12071000402,0.7831541218637993,0.8614341085271318,0.9348607367475292,0.8438538205980066,0.3557347670250896,12071000402,1.3434832233392204,1.3284014271349915,1.0724480652024766,0.9476969213051523,0.6494556447227534,1.0682970563409189,Medium Vulnerable (zone3)
1400000US12071000502,0.04764044943820225,0.2696296296296296,0.5242541562286496,0.7196969696969697,0.4161797752808989,12071000502,0.0817261159530694,0.4157908088992253,0.6014108127782147,0.8082615564519455,0.7598085127748099,0.533399561371453,High Vulnerable (zone5)
1400000US12071000503,0.14378932649731999,0.5260663507109005,0.8940070505287897,0.6534110387384299,0.6781635982288511,12071000503,0.24666734484478814,0.8112370802764038,1.0255817726955225,0.733818600620168,1.2381055149556333,0.8110820626785031,Medium to High Vulnerable (zone4)
1400000US12071000504,0.22268041237113403,0.5044642857142857,0.7273695420660277,0.5970504281636536,0.4505154639175258,12071000504,0.38200322239880524,0.7779249398741271,0.8344195316083634,0.6705223568622829,0.8224942800024125,0.6974728661491982,High Vulnerable (zone5)
1400000US12071000600,0.07974481658692185,0.42363510711817554,0.7687768240343348,0.6701149425287356,0.5038574088853418,12071000600,0.13680043332699846,0.6532797753300765,0.8819208948453104,0.7525780561199747,0.9198792714935458,0.6688916862231812,High Vulnerable (zone5)
1400000US12071000700,0.24108853967037178,0.19086651053864168,0.7157126392623896,0.693500298151461,0.4971187091817134,12071000700,0.41358194938138465,0.29433167607597904,0.8210470341158399,0.7788411706385266,0.9075766039831071,0.6430756868389675,High Vulnerable (zone5)
1400000US12071000800,0.7297992794647452,0.5797101449275363,0.885229027277406,0.9677835051546392,0.3494595985589295,12071000800,1.2519541952132551,0.8939601720241348,1.0155118513883117,1.0868771651409965,0.6379992340491054,0.9772605235631607,Medium Vulnerable (zone3)
1400000US12071000900,0.8751311647429171,0.9092827004219409,0.9618747813920951,0.9591503267973857,0.4305701294158797,12071000900,1.5012677648370907,1.4021878457714,1.1034378787367913,1.0771816037172781,0.786080605324773,1.1740311396774668,Medium to Low Vulnerable (zone2)
1400000US12071001001,0.712551724137931,0.8180592991913747,0.9555862068965517,0.9559055118110236,0.5169655172413793,12071001001,1.222366403259809,1.2615139449085861,1.0962237886744675,1.0735374877605584,0.9438104015167903,1.1194904052240422,Medium to Low Vulnerable (zone2)
1400000US12071001002,0.6644031451036455,0.6706443914081146,0.7251202367739549,0.7992459943449576,0.510913799482057,12071001002,1.1397686024511515,1.0341881727551283,0.8318391867359007,0.8975997379136362,0.93276193894472,0.9672315277601076,Medium Vulnerable (zone3)
1400000US12071001101,0.11365600691443388,0.24480214621059693,0.665514261019879,0.6447890371438875,0.5585566119273985,12071001101,0.1949743150912305,0.37750481107357203,0.7634607525379224,0.7241355913510443,1.0197421734937717,0.6159635287095082,High Vulnerable (zone5)
1400000US12071001103,0.5746549560853199,0.20658135283363802,0.833901192504259,0.9290966386554622,0.5174616695059625,12071001103,0.985807609454977,0.31856524046033724,0.9566298864819602,1.043429563931783,0.9447162137081886,0.8498297028074491,Medium to High Vulnerable (zone4)
1400000US12071001104,0.3716446124763705,0.08235294117647059,0.6425602660016625,0.8006775832862789,0.5556940980881131,12071001104,0.6375479461413651,0.12699493031989914,0.7371285229572916,0.8992074955597453,1.0145161569686851,0.6830790103893973,High Vulnerable (zone5)
1400000US12071001203,0.3266341463414634,0.11696230598669623,0.8784729162502498,0.8543046357615894,0.6540075954427343,12071001203,0.5603335071966865,0.18036538448585612,1.0077614155056638,0.95943379458095,1.1940045335008866,0.7803797270540087,Medium to High Vulnerable (zone4)
1400000US12071001204,0.6643952299829642,0.5638665132336018,0.9372889532079113,0.8322382829610162,0.548480463096961,12071001204,1.1397550242402361,0.8695280039164556,1.0752336523412516,0.9346519969483732,1.0013464125460296,1.0041030179984691,Medium Vulnerable (zone3)
1400000US12071001205,0.325653637069635,0.21957186544342508,0.8050737768573648,0.943302891933029,0.779704892570541,12071001205,0.558651465667115,0.3385976669909762,0.9235598206207511,1.0593840126358136,1.4234867958862485,0.8607359523601807,Medium to High Vulnerable (zone4)
1400000US12071001206,0.7386759581881533,0.5794223826714802,0.9467481449148843,0.9512847965738758,0.5792230467044959,12071001206,1.2671819372514246,0.8935164192311625,1.0860849924882516,1.0683481557962027,1.0574723420531296,1.0745207693640342,Medium Vulnerable (zone3)
1400000US12071001207,0.7908847184986595,0.776,0.9345844504021448,0.9846972721224219,0.45361930294906166,12071001207,1.3567448874170653,1.1966550862715069,1.0721311166507808,1.1058723091953082,0.8281608776088243,1.1119128554286972,Medium to Low Vulnerable (zone2)
1400000US12071001208,0.8532883642495784,0.8664169787765293,0.9259780467210807,0.9587528418317636,0.3495637489445539,12071001208,1.4637969334971395,1.3360854181506778,1.062258072877202,1.076735204982106,0.6381893786796387,1.1154130016373527,Medium to Low Vulnerable (zone2)
1400000US12071001209,0.5232592592592593,0.4100418410041841,0.9463703703703704,0.9719148936170213,0.6453333333333333,12071001209,0.8976394513492475,0.6323178538940586,1.085651619298619,1.0915169546767487,1.1781681604135246,0.9770588079264396,Medium Vulnerable (zone3)
1400000US12071001300,0.509561001885268,0.48063973063973064,0.9529753265602322,0.7472061657032756,0.5224266820011501,12071001300,0.8741403999401294,0.7411855390904648,1.0932286542602203,0.8391559835747391,0.9537807069487133,0.9002982567628532,Medium to High Vulnerable (zone4)
1400000US12071001401,0.2737470598878234,0.11244979919678715,0.6276477146042363,0.852054794520548,0.5024487574823145,12071001401,0.46960690383966125,0.17340673216371771,0.7200212295768431,0.956907092010534,0.9173075335304747,0.6474498982242461,High Vulnerable (zone5)
1400000US12071001402,0.8980612883051907,0.9530842745438749,0.9565353345841151,0.9916958041958042,0.6373660995589162,12071001402,1.5406038743651813,1.4697334339926766,1.097312603416756,1.1137320677668812,1.1636225904348216,1.2770009139952634,Low Vulnerable (zone1)
1400000US12071001501,0.9123414071510957,0.9398663697104677,0.8569780853517878,0.9839757470766566,0.3875432525951557,12071001501,1.565101095999035,1.4493503501669687,0.9831031012747009,1.1050619946031057,0.7075275635186598,1.162028821112494,Medium to Low Vulnerable (zone2)
1400000US12071001502,0.43325262308313156,0.18434343434343434,0.8313253012048193,0.8135019191691126,0.6081551466931875,12071001502,0.7432350980860023,0.28427256227812925,0.9536748905861362,0.9136099706535143,1.1102929190478252,0.8010170881303214,Medium to High Vulnerable (zone4)
1400000US12071001601,0.5922122379118528,0.685459940652819,0.9599914420196833,0.9475250202867189,0.5442875481386393,12071001601,1.0159267302293777,1.0570349541463415,1.101277360504857,1.064125708347177,0.9936915175513766,1.046411254155826,Medium Vulnerable (zone3)
1400000US12071001602,0.9226880761225097,0.875,0.9220933690157598,0.9453860640301318,0.34611953612845675,12071001602,1.5828505731357418,1.3493211346489284,1.0578016710568612,1.0617235360636676,0.631901369571766,1.136719656895393,Medium to Low Vulnerable (zone2)
1400000US12071001701,0.8171052631578948,0.6740484429065744,0.8845880681818181,0.9090909090909091,0.5223473217331969,12071001701,1.4017256400850897,1.0394374969040485,1.014776559686653,1.0209619660445628,0.9536358209865682,1.0861074967413844,Medium to Low Vulnerable (zone2)
1400000US12071001705,0.9265038444142921,0.7854214123006834,0.9086995922066153,0.9571808510638298,0.4617127322156774,12071001705,1.589396437533364,1.2111836699692824,1.0424366766142719,1.074969767918569,0.8429368393916016,1.1521846782854177,Medium to Low Vulnerable (zone2)
1400000US12071001706,0.8012924071082391,0.5700598802395209,0.9505654281098546,0.9388461538461539,0.47140549273021004,12071001706,1.3745990423660712,0.8790786793401402,1.0904640810688873,1.0543788365485598,0.8606326583348904,1.0518306595317097,Medium Vulnerable (zone3)
1400000US12071001708,0.8992827256425583,0.6909535452322738,0.8584735576923077,0.9763079960513327,0.4291832364637504,12071001708,1.5426992225543834,1.0655065390200131,0.9848186684764364,1.0964506642249554,0.7835485911954847,1.0946047370942549,Medium to Low Vulnerable (zone2)
1400000US12071001709,0.7023615635179153,0.5946601941747572,0.9299674267100977,0.9233593391463975,0.46335504885993484,12071001709,1.2048854126681463,0.9170143633536406,1.06683458645019,1.0369862428865655,0.8459351738640932,1.0143311558445274,Medium Vulnerable (zone3)
1400000US12071001710,0.9247977153736316,0.9286328460877042,0.9109947643979057,0.9376623376623376,0.33841028081865776,12071001710,1.5864696116647545,1.4320273434917998,1.0450696388075709,1.053049342120249,0.6178267841174725,1.1468885440403693,Medium to Low Vulnerable (zone2)
1400000US12071001711,0.8415112855740923,0.718796992481203,0.9228121927236972,0.9330773450356555,0.3190757128810226,12071001711,1.4435936207918358,1.108443398259399,1.0586262870285206,1.0479001287251681,0.5825281699550645,1.0482183209519975,Medium Vulnerable (zone3)
1400000US12071001801,0.8986725663716815,0.6575280898876404,0.9342920353982301,0.9559849704777241,0.5422566371681415,12071001801,1.5416525080940968,1.0139617694979812,1.0717956657190457,1.0736267244647895,0.989983736597748,1.1382040808747322,Medium to Low Vulnerable (zone2)
1400000US12071001802,0.9393592677345538,0.9071229050279329,0.969488939740656,0.9784431137724551,0.2818459191456903,12071001802,1.611449626142769,1.3988572656895115,1.1121726443206674,1.0988485256098786,0.5145587108676708,1.1471773545260995,Medium to Low Vulnerable (zone2)
1400000US12071001903,0.9237007003317361,0.9270620313565099,0.9620346479911537,0.9653270291568163,0.3704386288241799,12071001903,1.5845877071157113,1.4296050194741787,1.1036212735656803,1.0841183997202901,0.6763001000018994,1.175646499975552,Medium to Low Vulnerable (zone2)
1400000US12071001908,0.9750328515111695,0.9152941176470588,0.9211563731931669,0.938337801608579,0.290407358738502,12071001908,1.672646854098628,1.4114579398411649,1.0567267736763823,1.0538079274186505,0.530189106842187,1.1449657203754025,Medium to Low Vulnerable (zone2)
1400000US12071001910,0.969029593943565,0.8934624697336562,0.930488644184446,0.9630662020905923,0.15416379903647626,12071001910,1.6623484012113896,1.3777917639168582,1.0674325136600322,1.0815793594292296,0.28145280916296306,1.0941209694760945,Medium to Low Vulnerable (zone2)
1400000US12071001911,0.9779141104294479,0.9226305609284333,0.9177914110429448,1.0,0.21717791411042944,12071001911,1.677589588754217,1.4227713318099782,1.052866576102955,1.123058162649019,0.396496028228199,1.1345563375088736,Medium to Low Vulnerable (zone2)
1400000US12071001912,0.9182130584192439,0.8855670103092783,0.8563573883161513,0.9426795580110497,0.252233676975945,12071001912,1.5751737812493944,1.3656163236093426,0.9823910536843173,1.0586839723866788,0.4604964161111905,1.0884723094081847,Medium to Low Vulnerable (zone2)
1400000US12071001913,0.9658536585365853,0.8695652173913043,0.9010452961672474,0.9017543859649123,0.2397212543554007,12071001913,1.6569001556891267,1.3409402580362022,1.0336558661093123,1.0127226238624487,0.4376528139296359,1.0963743435253452,Medium to Low Vulnerable (zone2)
1400000US12071001915,0.954700272479564,0.26762177650429797,0.9163408913213448,0.9914850136239782,0.05238467552775606,12071001915,1.6377667735965025,0.4126945361480472,1.0512025773833382,1.1134953376945826,0.09563732975267934,0.8621593109150301,Medium to High Vulnerable (zone4)
1400000US12071001916,0.8879478827361563,0.676954732510288,0.9107491856677524,0.9249329758713136,0.46644951140065144,12071001916,1.5232545553314163,1.04391923174485,1.0447879172380845,1.038753528455527,0.8515846530568587,1.1004599771653474,Medium to Low Vulnerable (zone2)
1400000US12071001917,0.336719337848006,0.5161290322580645,0.7237589996210686,0.9915397631133672,0.519893899204244,12071001917,0.5776344256429277,0.79591292735052,0.8302776106705997,1.1135568245555418,0.9491566717495018,0.8533076919938182,Medium to High Vulnerable (zone4)
1400000US12071001918,0.7767995857068877,0.534446764091858,0.9062661833247022,0.9691283292978208,0.47384774728120144,12071001918,1.3325821599590062,0.8241603590101417,1.0396451328637732,1.088387480872324,0.865091418487168,1.0299733102384827,Medium Vulnerable (zone3)
1400000US12071001919,0.8791922106022358,0.4843444227005871,0.8779256539697109,0.9638715432649421,0.4056906837999082,12071001919,1.5082343973668686,0.7468984754276987,1.0071336103675805,1.0824838044088003,0.7406588532481033,1.01708182816381,Medium Vulnerable (zone3)
1400000US12071001920,0.959713755632123,0.7799158147925436,0.9719056453750331,0.9737910668143226,0.5542009011396767,12071001920,1.6463672908100584,1.2026935910245926,1.1149450265374763,1.0936240063005211,1.01179006641826,1.2138839962181818,Medium to Low Vulnerable (zone2)
1400000US12071001921,0.9644412191582002,0.9881450488145049,0.9787856620336504,0.9822119102861562,0.3990490124359912,12071001921,1.6544771478087263,1.5237999982446955,1.1228376037568013,1.1030811032979537,0.7285333278355559,1.2265458361887465,Medium to Low Vulnerable (zone2)
1400000US12071001922,0.925205684367988,0.7307386814932486,0.923019151333083,0.8761301989150091,0.4363499812241832,12071001922,1.5871694732683121,1.1268584535363797,1.0588637045940341,0.9839451714348096,0.7966327293523325,1.1106939064371737,Medium to Low Vulnerable (zone2)
1400000US12071001923,0.9021359223300971,0.6458670988654781,0.9728155339805825,0.9285099052540913,0.3883495145631068,12071001923,1.547593817086393,0.9959795733412327,1.115988827219454,1.0427706281960745,0.7089995348713338,1.0822664761428975,Medium to Low Vulnerable (zone2)
1400000US12071010104,0.9433145824318477,0.8708367181153533,0.9122883195831524,0.9837362637362638,0.23236694071830377,12071010104,1.6182348792500312,1.3429010155215517,1.0465535718695977,1.1047930408828592,0.4242262361885369,1.1073417487425152,Medium to Low Vulnerable (zone2)
1400000US12071010106,0.47339725512314346,0.8121827411167513,0.851475841323557,0.9682063587282543,0.5683399135175785,12071010106,0.812102308443687,1.2524518146124934,0.9767910691929197,1.0873520542984503,1.0376032909069015,1.0332601074908905,Medium Vulnerable (zone3)
1400000US12071010107,0.5669530065689742,0.8576576576576577,0.8804951995957554,0.7871345029239766,0.46210207175341084,12071010107,0.9725950888624906,1.322577832881112,1.010081326670961,0.88399782861145,0.8436476463858387,1.0065799446823704,Medium Vulnerable (zone3)
1400000US12071010108,0.4963033627474362,0.7115241635687732,0.9356069639875984,0.8338624338624339,0.5456713570236108,12071010108,0.851397219172117,1.0972281048191392,1.0733041177976448,0.9364760128755841,0.9962179011800503,0.9909246711689071,Medium Vulnerable (zone3)
1400000US12071010109,0.8359612724757953,0.9205515430072226,0.8776301218161683,0.9193288157470152,0.4858411993337035,12071010109,1.434072698563744,1.4195653171580886,1.0067945835223902,1.0324597306831413,0.8869875496984865,1.1559759759251702,Medium to Low Vulnerable (zone2)
1400000US12071010110,0.7729933110367893,0.9122994652406418,0.9108040201005025,0.9228104898565067,0.5134003350083752,12071010110,1.326052581655149,1.4068399423749867,1.0448508218815225,1.0363698532114896,0.9373015417135919,1.1502829481673478,Medium to Low Vulnerable (zone2)
1400000US12071010111,0.6406649616368286,0.7862208713272543,0.8100880704563651,0.8805031446540881,0.5692554043234588,12071010111,1.0990462843915612,1.2124165007816685,0.929312088586688,0.9888562438419035,1.0392746784874378,1.0537811592178516,Medium Vulnerable (zone3)
1400000US12071010112,0.9958847736625515,0.9697594501718213,0.9255518144407033,0.8714177978883861,0.08492330714552937,12071010112,1.708417856003192,1.4954479104484149,1.061769110225922,0.9786528709961851,0.15504225705973304,1.0798660009466894,Medium to Low Vulnerable (zone2)
1400000US12071010113,0.6753429475905733,0.9345391903531438,0.9110094970102005,0.9200992555831266,0.5779106577558917,12071010113,1.1585355867490243,1.4411354065156514,1.0450865396794653,1.0333249794299162,1.055076347931243,1.1466317720610602,Medium to Low Vulnerable (zone2)
1400000US12071010203,0.5442219969589458,0.6750690607734806,0.8654139156932453,0.9171042760690172,0.5363255990871053,12071010203,0.9336005548262555,1.041011372627725,0.9927804677234704,1.0299614432396291,0.9791555957527939,0.9953018868339749,Medium Vulnerable (zone3)
1400000US12071010205,0.5175044005476237,0.8523002421307506,0.9469978486211618,0.9129923574368018,0.629180520242519,12071010205,0.8877671210940354,1.3143162625981952,1.0863714461236913,1.0253435194555711,1.1486783927202784,1.0924953483983544,Medium to Low Vulnerable (zone2)
1400000US12071010206,0.5731620271234832,0.7081028311096649,0.8995422789689231,0.9191432840777022,0.5510179783307536,12071010206,0.9832465235104997,1.0919521320240133,1.0319316436417851,1.0322513678274896,1.0059790876312862,1.0290721509270149,Medium Vulnerable (zone3)
1400000US12071010207,0.5169872371022829,0.7918238993710692,0.9638684163221284,0.8870822041553749,0.4686320330756786,12071010207,0.8868799388739047,1.2210568255331544,1.1057249251805994,0.9962449103173773,0.8555692257018939,1.0130951651213858,Medium Vulnerable (zone3)
1400000US12071010208,0.5806934397605388,0.8843971631205674,0.9735594911449239,0.9759211966435607,0.5465203292591668,12071010208,0.9961664919349127,1.3638123241395856,1.116842275642443,1.0960162659927493,0.9977678475493795,1.114121041051814,Medium to Low Vulnerable (zone2)
1400000US12071010209,0.9869565217391304,0.9915254237288136,0.879891304347826,0.9440217391304347,0.1309782608695652,12071010209,1.6931016413042053,1.5290128111760255,1.0093885536570038,1.0601913198485575,0.23912357953955324,1.1061635811050692,Medium to Low Vulnerable (zone2)
1400000US12071010210,0.7713836477987421,0.7808792742498255,0.8154088050314465,0.9733036707452726,0.47547169811320755,12071010210,1.3232912406940676,1.2041793238338359,0.9354158977169703,1.0930766321667316,0.8680562229773746,1.0848038634777961,Medium to Low Vulnerable (zone2)
1400000US12071010302,0.5640956732061274,0.6058971592952176,0.8759244042728019,0.8921953958450309,0.46863872911531085,12071010302,0.9676933979573386,0.9343426770980406,1.004837828460102,1.0019873219816346,0.8555814504860296,0.9528885351966292,Medium Vulnerable (zone3)
1400000US12071010303,0.7126477332862938,0.8002723558783477,0.9076950229438757,0.9352198316183349,0.44087539710554186,12071010303,1.2225311047872753,1.2340850322993635,1.0412842607304524,1.050306265770212,0.8048946625714127,1.0706202652317431,Medium Vulnerable (zone3)
1400000US12071010305,0.739600091932889,0.7663157894736842,0.9244629244629244,0.9477362503798238,0.5281544472535049,12071010305,1.268767267836443,1.1817212463451667,1.0605199637980272,1.0643629320274355,0.9642377379156256,1.1079218295845394,Medium to Low Vulnerable (zone2)
1400000US12071010306,0.4601226993865031,0.6307412460209186,0.8379593735462862,0.8883485703170589,0.5495327102803739,12071010306,0.7893301076321597,0.9726542785723713,0.9612853268440243,0.9976671131721591,1.003267472662324,0.9448408597766077,Medium Vulnerable (zone3)
1400000US12071010307,0.5814852723757534,0.632688927943761,0.8176845943482225,0.9139433551198257,0.5432730581144092,12071010307,0.9975248629177557,0.9756577624375883,0.9380266243777948,1.0264115451661513,0.9918393896914514,0.9858920369181483,Medium Vulnerable (zone3)
1400000US12071010308,0.7210285311729482,0.8451612903225807,0.8844176564438929,0.9475192943770673,0.5241293972070001,12071010308,1.23690817444008,1.3033074185364766,1.0145810677471139,1.064119277817604,0.9568893094928008,1.115161049606815,Medium to Low Vulnerable (zone2)
1400000US12071010309,0.6532258064516129,0.8499015748031497,0.8718724778046811,0.8425387596899225,0.5205811138014528,12071010309,1.1205941302223017,1.3106173225751967,1.0001895631835036,0.9462200314179477,0.9504113014361797,1.065606469767026,Medium Vulnerable (zone3)
1400000US12071010404,0.6163744021862901,0.7821450335161487,0.9424632562378945,0.9434601756277923,0.5580331618067467,12071010404,1.0573763777968566,1.2061312275246103,1.081169478989168,1.059560651373069,1.0187865243216903,1.084604852001079,Medium to Low Vulnerable (zone2)
1400000US12071010411,0.7543859649122807,0.6480869154463864,0.8498867069486404,0.9421182266009852,0.5629965947786606,12071010411,1.2941320992734053,0.9994027109728483,0.9749680553270734,1.0580535645646545,1.0278481338679542,1.0708809128011871,Medium Vulnerable (zone3)
1400000US12071010412,0.7311703360370799,0.8238993710691824,0.9573194283507146,0.9565927654609101,0.5595583962812318,12071010412,1.2543062118237238,1.2705198105229802,1.0982120955120733,1.0743093135818738,1.021571104944113,1.1437837072769528,Medium to Low Vulnerable (zone2)
1400000US12071010413,0.6945931939885991,0.6427713255907088,0.8857142857142857,0.848917748917749,0.5332752613240418,12071010413,1.191558950042248,0.9912056392752584,1.016068527320136,0.9533840073397084,0.9735866740106217,1.0251607595975945,Medium Vulnerable (zone3)
1400000US12071010414,0.6651456651456652,0.925895087427144,0.9701649701649702,0.9358690844758957,0.5026325026325026,12071010414,1.1410423788274702,1.4278054970663574,1.112948168943828,1.051035414491519,0.9176429922374715,1.1300948903133292,Medium to Low Vulnerable (zone2)
1400000US12071010415,0.9251870324189526,0.9015228426395939,0.9718168092601912,0.9583673469387755,0.38453865336658355,12071010415,1.5871374762706434,1.3902215142198677,1.1148431160434986,1.0763022717958761,0.7020421454206638,1.1741093047501097,Medium to Low Vulnerable (zone2)
1400000US12071010416,0.7052037938990002,0.8970398970398971,0.9320687003332478,0.9610684853651605,0.5393488849013074,12071010416,1.2097611947489006,1.383308447656265,1.0692451132196086,1.0793358073540729,0.9846751294606287,1.1452651384878951,Medium to Low Vulnerable (zone2)
1400000US12071010417,0.8821905200184077,0.7924362357080035,0.9208467556373677,0.9500254971953085,0.4675563736769443,12071010417,1.513377929510223,1.222001097945656,1.056371588421919,1.0669338893498839,0.8536054225174338,1.1424579855490231,Medium to Low Vulnerable (zone2)
1400000US12071010418,0.7422606191504679,0.7626834381551363,0.9618430525557955,0.9456821557394441,0.4892008639308855,12071010418,1.2733313422405312,1.1761198653136393,1.1034014802361771,1.0620560642747037,0.8931212013380552,1.1016059906806215,Medium to Low Vulnerable (zone2)
1400000US12071010419,0.7996353691886965,0.8179744525547445,0.806563354603464,0.9598757442402278,0.5088422971741112,12071010419,1.371756431207945,1.2613831044971475,0.9252686256961793,1.07799628969779,0.9289800514497126,1.1130769005097547,Medium to Low Vulnerable (zone2)
1400000US12071010420,0.8175383405426662,0.86737491432488,0.9317284925019732,0.9788758265980897,0.4919323101141283,12071010420,1.4024685745658063,1.3375626326432735,1.0688548355920697,1.0993344872807904,0.8981079310771767,1.1612656922318234,Medium to Low Vulnerable (zone2)
1400000US12071010421,0.5798356982823002,0.7180582524271845,0.8986923192544717,0.9275147928994083,0.5911874533233756,12071010421,0.9946950557848567,1.1073042010389431,1.0309565918341386,1.0416530591433948,1.0793154457772074,1.0507848707157081,Medium Vulnerable (zone3)
1400000US12071010422,0.8289301595605545,0.8644278606965174,0.8795148958607962,0.9661774090619017,0.5176562908710437,12071010422,1.422010983022301,1.3330180363624808,1.0089567475731958,1.085073425814049,0.9450715288357839,1.158826144321562,Medium to Low Vulnerable (zone2)
1400000US12071010423,0.7377578921203082,0.9864521591871296,0.9714143673875217,0.957207997193967,0.5166458072590738,12071010423,1.265607015629188,1.5211894248128721,1.1143814451328105,1.075000254601604,0.9432267153777635,1.1838809711108476,Medium to Low Vulnerable (zone2)
1400000US12071010501,0.7575207468879668,0.8305295950155763,0.8781185031185031,0.9206251915415262,0.4717323651452282,12071010501,1.2995097470129557,1.280744154863923,1.007354841924719,1.0339156361010275,0.8612294207396816,1.0965507601284614,Medium to Low Vulnerable (zone2)
1400000US12071010503,0.8962735305416827,0.9282769991755977,0.933154053015751,0.9476190476190476,0.4394928928159816,12071010503,1.537537016264567,1.431478598624137,1.0704902017538245,1.0642313065102609,0.8023706607084039,1.1812215567722388,Medium to Low Vulnerable (zone2)
1400000US12071010504,0.6836193447737909,0.5534950071326676,0.987207488299532,0.8565182829888712,0.29329173166926675,12071010504,1.1727335593509978,0.8535342983391633,1.132498905092163,0.9619198491687743,0.5354550309379293,0.9312283285778055,Medium Vulnerable (zone3)
1400000US12071010601,0.7598343685300207,0.8088410991636799,0.9248595505617978,0.974512743628186,0.5238095238095238,12071010601,1.3034787127305294,1.2472987310562549,1.0609749630033904,1.0944344913371251,0.9563053250109778,1.1324984446276556,Medium to Low Vulnerable (zone2)
1400000US12071010602,0.616956077630235,0.5574667709147771,0.9056860742254,0.9546643417611159,0.42424242424242425,12071010602,1.0583742288948097,0.8596590809826301,1.0389796467045005,1.072143581604774,0.7745282797609572,0.9607369635895342,Medium Vulnerable (zone3)
1400000US12071010701,0.8426851140148603,0.8616697135892748,0.9475366178428761,0.9318762418393415,0.46364846870838883,12071010701,1.4456072969932676,1.32876474929474,1.0869895082442895,1.0465512199763638,0.8464708627944887,1.15087672746063,Medium to Low Vulnerable (zone2)
1400000US12071010702,0.8741418764302059,0.8,0.8905415713196033,0.9411764705882353,0.3344774980930587,12071010702,1.4995706630609933,1.233665037393306,1.0216062645510458,1.056995917787312,0.6106468057252331,1.084496937703578,Medium to Low Vulnerable (zone2)
1400000US12071010801,0.8684531059683313,0.7617021276595745,0.9141291108404385,0.9634703196347032,0.4853836784409257,12071010801,1.4898117057068936,1.174606604752137,1.0486652800039948,1.0820332069358127,0.8861522657905401,1.1362538126378756,Medium to Low Vulnerable (zone2)
1400000US12071010802,0.8126368470441039,0.6303962152572442,0.8914607444479199,0.9541797831409584,0.4757585236158899,12071010802,1.3940601730765143,0.9721222130849084,1.022660716197479,1.0715993940911241,0.8685798727834514,1.0658044738466954,Medium Vulnerable (zone3)
1400000US12071010803,0.8438420742486741,0.812807881773399,0.924572775486152,0.9811443433029909,0.5274012964054213,12071010803,1.4475920361663186,1.2534158323269426,1.0606459820515381,1.1018821634833353,0.9628627301431042,1.1652797488342477,Medium to Low Vulnerable (zone2)
1400000US12071020102,0.8554838709677419,0.8376876042245692,0.735741935483871,0.8824456350456981,0.2304516129032258,12071020102,1.4675632757281698,1.291782386987015,0.8440241248586037,0.9910377735320685,0.4207294723737446,1.0030274066959202,Medium Vulnerable (zone3)
1400000US12071020103,0.9458483754512635,0.8991905813097866,0.9399819494584838,0.9556991232118136,0.18907942238267147,12071020103,1.6225815439970646,1.386624977644058,1.07832298800912,1.0733057013595377,0.34519734799686547,1.1012065118013292,Medium to Low Vulnerable (zone2)
1400000US12071020104,0.9110266159695818,0.9506726457399103,0.8916349809885932,0.937576003242805,0.2467680608365019,12071020104,1.5628456013968302,1.4660145063193994,1.0228605958518355,1.0529523835456753,0.45051798391201575,1.1110382142051514,Medium to Low Vulnerable (zone2)
1400000US12071020201,0.7597145122918318,0.7765567765567766,0.8754956383822363,0.8137154554759468,0.5273592386994449,12071020201,1.303273102058602,1.1975136809861762,1.0043459593167239,0.9138497843459265,0.9627859464911184,1.0763536946397094,Medium Vulnerable (zone3)
1400000US12071020202,0.8873826903023984,0.9309644670050762,0.8714285714285714,0.9164825452938578,0.5884602015988877,12071020202,1.5222849804654819,1.4356228924995706,0.9996803252665853,1.0292632034176161,1.0743363737515494,1.2122375550801607,Medium to Low Vulnerable (zone2)
1400000US12071020301,0.8415283432508612,0.6213531967721911,0.6714688380833073,0.8008080808080809,0.5352333228938303,12071020301,1.4436228828514082,0.9581771434130193,0.7702916893820454,0.8993540518668104,0.9771614557218626,1.0097214446470293,Medium Vulnerable (zone3)
1400000US12071020302,0.7934472934472935,0.677801724137931,0.8371320037986705,0.7511709601873536,0.5930674264007597,12071020302,1.361140926914177,1.045225361692335,0.9603361896622398,0.8436086783833088,1.082747663373605,1.0586117640051333,Medium Vulnerable (zone3)
1400000US12071020400,0.8163136263041416,0.8965014577259475,0.9190641795763516,0.9452054794520548,0.4533670565918432,12071020400,1.4003676049266163,1.382478130460793,1.054326663255456,1.0615207290792097,0.8277003580427265,1.14527869715296,Medium to Low Vulnerable (zone2)
1400000US12071020501,0.8103393593403108,0.8872987477638641,0.8807484934982557,0.8677477477477478,0.34538534728829684,12071020501,1.3901188847659474,1.3682868035489262,1.0103718988866786,0.97453119122841,0.6305609802403497,1.0747739517340622,Medium Vulnerable (zone3)
1400000US12071020502,0.878529568460309,0.7993630573248408,0.8399034593724859,0.9445901639344262,0.4355354288758657,12071020502,1.5070976497256283,1.2326828200068465,0.9635155318370686,1.0608296939645323,0.7951456224694124,1.1118542636006976,Medium to Low Vulnerable (zone2)
1400000US12071020600,0.729024607174622,0.7309170785282811,0.877757901013715,0.8537808641975309,0.4582587954680978,12071020600,1.2506252623808654,1.1271335562674973,1.0069411685139247,0.9588455686505706,0.836631077556766,1.0360353266739248,Medium Vulnerable (zone3)
1400000US12071020700,0.8172846092291277,0.7920546244568591,0.9701253667644705,0.9373342175066313,0.5004001066951187,12071020700,1.402033304223152,1.22141262237264,1.1129027369467703,1.0526808441010533,0.9135673654582428,1.140519374620372,Medium to Low Vulnerable (zone2)
1400000US12071020801,0.9143013100436681,0.9139240506329114,0.7472707423580787,0.8456449834619625,0.3155021834061135,12071020801,1.5684632651839185,1.4093451851233654,0.8572496740129651,0.9497085013801516,0.5760040708109987,1.07215413930228,Medium Vulnerable (zone3)
1400000US12071020802,0.5739008419083256,0.6916299559471366,0.6337698783910197,0.6570327552986512,0.36623012160898033,12071020802,0.9845139436017436,1.0665496193323185,0.7270444175768347,0.7378859989659258,0.6686167386323456,0.8369221436218336,Medium to High Vulnerable (zone4)
1400000US12071030100,0.8679743493021501,0.8643564356435643,0.9048697621744054,0.9031936127744511,0.4964164466239155,12071030100,1.4889904094497208,1.332907893124203,1.038043194626369,1.0143389592788046,0.9062945016290037,1.1561149916216205,Medium to Low Vulnerable (zone2)
1400000US12071030201,0.9122807017543859,0.9577006507592191,0.944538766270515,0.9758254716981132,0.3186191284663271,12071030201,1.5649969572608622,1.476852261413082,1.083550450433681,1.0959087613113954,0.5816945957506194,1.160600605233928,Medium to Low Vulnerable (zone2)
1400000US12071030202,0.6785187612649517,0.630248833592535,0.8958264870193887,0.8232178327080115,0.48287727347206294,12071030202,1.1639836234417567,0.9718949385762778,1.0276689831937305,0.9245215066609669,0.8815763879009485,0.9939290879547361,Medium Vulnerable (zone3)
1400000US12071030205,0.8767757875231624,0.7604895104895105,0.9774552192711551,0.8944071588366891,0.5357695881077733,12071030205,1.5040890781039133,1.1727366504940737,1.1213113542199293,1.0044712604632613,0.9781405010740398,1.1561497688710436,Medium to Low Vulnerable (zone2)
1400000US12071030300,0.858978936094252,0.9397379912663756,0.9223859144807761,0.9179943767572634,0.4862549089610853,12071030300,1.4735589810827807,1.4491523801694295,1.0581372716501989,1.0309610780831435,0.8877428485269541,1.1799105119025013,Medium to Low Vulnerable (zone2)
1400000US12071040108,0.7813361611876989,0.8122584207620099,0.9469162995594713,0.9719022197246417,0.5297356828193832,12071040108,1.3403645528236152,1.252568518777991,1.0862778951486731,1.0915027211584594,0.9671245582635046,1.1475676492344487,Medium to Low Vulnerable (zone2)
1400000US12071040109,0.17856135401974613,0.3269035532994924,0.6980253878702398,0.8082294264339153,0.4861777150916784,12071040109,0.30631797339117484,0.5041118553815286,0.8007566766447853,0.9076886546497434,0.8876019177018802,0.6812954155538224,High Vulnerable (zone5)
1400000US12071040110,0.6859154929577465,0.3506401137980085,0.8311466058185967,0.938989898989899,0.583000570450656,12071040110,1.1766725497455113,0.5407155613752666,0.9534698958594544,1.054540270705584,1.0643688681940364,0.9579534291759705,Medium Vulnerable (zone3)
1400000US12071040111,0.9701187065083913,0.9324324324324325,0.9586573884568154,0.9680497925311203,0.13794514940646746,12071040111,1.6642167492393485,1.43788661452936,1.0997469687511592,1.087176221352764,0.25184284542487584,1.1081738798595016,Medium to Low Vulnerable (zone2)
1400000US12071040113,0.8756013745704467,0.9391634980988594,0.9731958762886598,0.9898242368177613,0.6006872852233677,12071040113,1.5020743991854255,1.4482664650006967,1.116425146081054,1.1116301887460225,1.0966590400032168,1.2550110478032832,Low Vulnerable (zone1)
1400000US12071040117,0.8749003984063745,0.912485414235706,0.9827357237715804,0.9880413703943116,0.37184594953519257,12071040117,1.5008718903942433,1.4071266908424231,1.127369012448765,1.1096279260562545,0.6788694085554206,1.1647729856594213,Medium to Low Vulnerable (zone2)
1400000US12071040118,0.8148471615720524,0.6313628899835796,0.9165938864628821,0.9957244655581948,0.4152838427947598,12071040118,1.3978519177710769,0.9736129041004231,1.0514928068682037,1.1182564887944626,0.758172832306242,1.0598773899680816,Medium Vulnerable (zone3)
1400000US12071040120,0.4719959266802444,0.7893805309734513,0.9528497409326425,0.8387351778656127,0.554989816700611,12071040120,0.8096983611223827,1.2172889528261381,1.093084585675423,0.9419483878028532,1.0132303688900794,1.0150501312633753,Medium Vulnerable (zone3)
1400000US12071040121,0.23399558498896247,0.5637296834901625,0.7966887417218543,0.7989482200647249,0.5057395143487858,12071040121,0.4014141456856058,0.8693170013282598,0.9139407251188705,0.897265320077594,0.9233153821313094,0.8010505148683279,Medium to High Vulnerable (zone4)
1400000US12071040122,0.12275149900066622,0.13953488372093023,0.7234293414182247,0.7929544699235627,0.5709526982011992,12071040122,0.21057742651556513,0.215174134429065,0.8298994353040225,0.8905339900566831,1.042373383454822,0.6377116739520317,High Vulnerable (zone5)
1400000US12071040123,0.718733692816142,0.6859666339548577,0.9414634146341463,0.9096622152395916,0.497651765524439,12071040123,1.2329714310244837,1.0578163164105998,1.080022486553504,1.021603576078212,0.9085497909831678,1.0601927202099932,Medium Vulnerable (zone3)
1400000US12071040124,0.2516759776536313,0.8641304347826086,0.8675339208280879,0.8133212505663797,0.5883503282581366,12071040124,0.43174446032469976,1.332559381423476,0.9952124827987759,0.9134070693044808,1.0741357808717698,0.9494118349446404,Medium Vulnerable (zone3)
1400000US12071040125,0.29771278590176226,0.8536585365853658,0.903440187646599,0.8388704318936877,0.6587177482408131,12071040125,0.5107195660040963,1.3164108630721254,1.036403223691508,0.9421002859431139,1.2026037360691393,1.0016475349559966,Medium Vulnerable (zone3)
1400000US12071040126,0.20628734736295143,0.7448275862068966,0.9321901792673422,0.7570951585976627,0.5926214601195116,12071040126,0.3538812893044752,1.1485846899868712,1.0693844707118119,0.8502618977651587,1.0819334744172238,0.9008091644371081,Medium to High Vulnerable (zone4)
1400000US12071040127,0.3544110147883733,0.7326158940397351,0.9172023656466958,0.8736793752870923,0.48929117797042326,12071040127,0.6079840982023405,1.1297532678943252,1.0521908384548841,0.9811927539542645,0.8932860853140185,0.9328814087639665,Medium Vulnerable (zone3)
1400000US12071040128,0.966327329678935,0.966374269005848,0.985121378230227,0.9862960062646828,0.16523101018010963,12071040128,1.6577127278449268,1.4902276858862853,1.130105773559643,1.10766778062368,0.30165792661234725,1.1374743789053765,Medium to Low Vulnerable (zone2)
1400000US12071040129,0.9574898785425101,0.9584295612009238,0.9230769230769231,0.9806496199032481,0.3340080971659919,12071040129,1.6425522798470145,1.4779763005722344,1.0589299788448068,1.1013265603310005,0.6097898327499149,1.1781149904689943,Medium to Low Vulnerable (zone2)
1400000US12071040130,0.8301936159079016,0.7983777520278099,0.978806907378336,0.8783694937541091,0.5690737833594977,12071040130,1.4241784138749185,1.2311633991367146,1.1228619758668996,0.9864600297824387,1.0389430978515866,1.1607213833025116,Medium to Low Vulnerable (zone2)
1400000US12071040131,0.9869158878504672,0.988562091503268,0.9495327102803738,0.9601554907677357,0.3448598130841122,12071040131,1.6930319347851512,1.52444311197498,1.089279373877119,1.0783104613189802,0.6296015262115604,1.2029332816335583,Medium to Low Vulnerable (zone2)
1400000US12071040132,0.9452968645763843,0.8871733966745843,0.95263509006004,1.0,0.2515010006671114,12071040132,1.6216354395366472,1.3680935019786218,1.0928383437444402,1.123058162649019,0.4591587881685918,1.132956847215464,Medium to Low Vulnerable (zone2)
1400000US12071040133,0.5276456599286563,0.9363166953528399,0.9194411414982164,0.9877066553624417,0.5187277051129607,12071040133,0.9051642227137321,1.4438764637305475,1.0547591042253972,1.1092520216075517,0.9470275817486562,1.0920158788051768,Medium to Low Vulnerable (zone2)
1400000US12071040134,0.4231782265144864,0.23404255319148937,0.9288849868305531,0.9914738124238733,0.7269534679543459,12071040134,0.7259526981121248,0.36091264391825445,1.0655928394082141,1.1134827580953732,1.3271799019307908,0.9186241682929515,Medium to High Vulnerable (zone4)
1400000US12071040135,0.7526534379326257,0.9164904862579282,0.9584679280110753,0.9841735052754983,0.5205353022611906,12071040135,1.2911599883361486,1.4133028374999952,1.0995296246265431,1.1052840885625457,0.9503276645072802,1.1719208407065025,Medium to Low Vulnerable (zone2)
1400000US12071040136,0.7677113010446344,0.9063756461803562,0.9507568499712589,0.9844937671024627,0.5418803418803418,12071040136,1.3169914127078644,1.3977049317968386,1.0906836752788385,1.105643761221503,0.9892967441488855,1.180064105030786,Medium to Low Vulnerable (zone2)
1400000US12071040137,0.789239662072032,0.8951310861423221,0.9839928857269897,0.9355371900826446,0.6184971098265896,12071040137,1.3539228302396598,1.380364906072098,1.128811196138515,1.0506626777840409,1.1291739702047645,1.2085871160878157,Medium to Low Vulnerable (zone2)
1400000US12071040138,0.7351881505204163,0.9222503160556258,0.9604086845466155,0.9542612701546561,0.5956765412329864,12071040138,1.2611986819035665,1.4221849633034398,1.1017560103434259,1.0716909087470072,1.0875110559699772,1.1888683240534834,Medium to Low Vulnerable (zone2)
1400000US12071040139,0.6817822304244662,0.0,0.30817610062893086,1.0,0.8283680464012655,12071040139,1.1695820311411995,0.0,0.35353165436275785,1.123058162649019,1.5123298409719899,0.8317003378249932,Medium to High Vulnerable (zone4)
1400000US12071040205,0.4374377696647859,0.766860465116279,0.8445071357451046,0.8836344314558979,0.5587454364420843,12071040205,0.7504146226044802,1.1825611804664031,0.9687967503379229,0.9923728610442712,1.0200869054634643,0.9828464639833083,Medium Vulnerable (zone3)
1400000US12071040206,0.7354513998112614,0.9909584086799277,0.9745202893991821,0.9577464788732394,0.5124252909720037,12071040206,1.2616502801215068,1.5281384278741674,1.1179444785570867,1.0756050008469478,0.9355214293603058,1.183771923352003,Medium to Low Vulnerable (zone2)
1400000US12071040207,0.5185777777777778,0.889267461669506,0.893674052894925,0.8307210031347962,0.47573333333333334,12071040207,0.889608475510449,1.3713227204414518,1.0251997664200234,0.9329480034545142,0.8685338835445156,1.0175225698741908,Medium Vulnerable (zone3)
1400000US12071040208,0.41826055575604476,0.8236953455571228,0.9033781329458772,0.7896634615384616,0.4765710134398838,12071040208,0.7175165448985672,1.270205186596775,1.036332036143342,0.8868379962264489,0.8700632141697473,0.9561909956069761,Medium Vulnerable (zone3)
1400000US12071040209,0.5813037249283668,0.8944618599791013,0.8861031518624642,0.8735431235431236,0.5401146131805158,12071040209,0.997213422368578,1.3793329049225052,1.0165146245107055,0.9810397353210254,0.9860730995196549,1.0720347573284938,Medium Vulnerable (zone3)
1400000US12071040210,0.4072312083729781,0.6662933930571109,0.7028227085315573,0.9130901287553648,0.5084153699587171,12071040210,0.6985959483520455,1.0274785795758918,0.8062600388667193,1.025453322332956,0.9282006216170814,0.8971977021489389,Medium to High Vulnerable (zone4)
1400000US12071040211,0.49402843601895735,0.7140087251575375,0.8369668246445497,0.8538993089832182,0.4944075829383886,12071040211,0.8474946337055888,1.1010595007757753,0.9601467004075462,0.9589785890339599,0.9026269718259582,0.9540612791497656,Medium Vulnerable (zone3)
1400000US12071040212,0.3238815374921235,0.7620724346076458,0.8062076571608634,0.8291742286751361,0.5320623916811091,12071040212,0.5556114688312338,1.1751776481708114,0.9248605787870304,0.9312108857718159,0.9713723696779223,0.9116465902477628,Medium to High Vulnerable (zone4)
1400000US12071040301,0.2138646847770374,0.7442680776014109,0.9153086102912871,0.7623411789210581,0.5598411071245515,12071040301,0.3668800406475417,1.1477218822309858,1.0500183712765738,0.8561534837107706,1.022087242724386,0.8885722041180515,Medium to High Vulnerable (zone4)
1400000US12071040302,0.21457858769931662,0.7202426080363912,0.9940774487471526,0.7387630956404191,0.5494305239179954,12071040302,0.3681047250007216,1.1106726549693335,1.1403799460862485,0.8296739248228305,1.003080913697578,0.8903824329153425,Medium to High Vulnerable (zone4)
1400000US12071040303,0.25495519956557156,0.6960533059969246,0.879542670477746,0.8175405596049847,0.5502307901167527,12071040303,0.4373698915154511,1.0733707847130378,1.0089886098956131,0.918145598761025,1.0045419387315102,0.8884833647233273,Medium to High Vulnerable (zone4)
1400000US12071040304,0.3646996278575226,0.5497339336880884,0.7251461988304093,0.7788575491822707,0.5034556087187666,12071040304,0.6256339817488062,0.8477344173246061,0.8318689697357837,0.8747023281499589,0.9191457154556721,0.8198170824829655,Medium to High Vulnerable (zone4)
1400000US12071040305,0.3868701550387597,0.48695003728560776,0.6778100775193798,0.6212068364143705,0.5133236434108527,12071040305,0.6636670208263409,0.7509165449457763,0.7775661953024264,0.6976514083285326,0.9371615278731389,0.7653925394552429,Medium to High Vulnerable (zone4)
1400000US12071040308,0.2352119236143456,0.5614035087719298,0.7855146716348393,0.8078005629272216,0.5288775034932464,12071040308,0.4035007471494565,0.86572985080232,0.9011221208346128,0.9072070159878887,0.9655578027501066,0.8086235075048769,Medium to High Vulnerable (zone4)
1400000US12071040310,0.3271905424200278,0.694300518134715,0.8675243393602226,0.9283172343670564,0.5557887373207415,12071040310,0.5612879921137857,1.0706678433335688,0.9952014911865816,1.042554247583685,1.0146889373363641,0.936880102310797,Medium Vulnerable (zone3)
1400000US12071040311,0.38065522620904835,0.6126418152350082,0.7570202808112325,0.8688845401174168,0.5405616224648986,12071040311,0.6530054506655487,0.944743484875749,0.8684340924399054,0.975807875178404,0.9868891926595347,0.8857760191638284,Medium to High Vulnerable (zone4)
1400000US12071040312,0.2571577303487767,0.8296296296296296,0.8724622592399791,0.748886910062333,0.5169182717334722,12071040312,0.44114828337155493,1.2793563350745396,1.0008661451965404,0.8410435572465048,0.9437241466307282,0.9012276935039736,Medium to High Vulnerable (zone4)
1400000US12071040313,0.2,0.6727941176470589,0.7074001947419669,0.710720887245841,0.45569620253164556,12071040313,0.3430954867841121,1.037503225381319,0.8115112126906667,0.7981808937865948,0.8319526187667423,0.764448687481887,High Vulnerable (zone5)
1400000US12071040314,0.3248314277338024,0.6907327586206896,0.8615927123126653,0.7953081876724931,0.5247727939020815,12071040314,0.5572409841055354,1.065166068115718,0.9883968820072645,0.8931773519871913,0.9580639419834933,0.8924090456398405,Medium to High Vulnerable (zone4)
1400000US12071040315,0.3270461434826541,0.7912568306010929,0.939036712697878,0.9571639586410635,0.5335129673290671,12071040315,0.5610402789952389,1.2201823593890075,1.0772386368376325,1.0749507967452945,0.9740206476366442,0.9814865439207636,Medium Vulnerable (zone3)
1400000US12071040316,0.36288927335640137,0.788135593220339,0.847318339100346,0.8951492537313432,0.5168685121107266,12071040316,0.6225283594547363,1.2153691576014563,0.972021690139875,1.005304676192163,0.9436333017910696,0.9517714370358601,Medium Vulnerable (zone3)
1400000US12071050103,0.898473282442748,0.8404255319148937,0.9015267175572519,0.9342442356959864,0.383206106870229,12071050103,1.5413106410110684,1.2960044940700954,1.0342081402801728,1.0492106148061715,0.699609350191931,1.1240686480718878,Medium to Low Vulnerable (zone2)
1400000US12071050104,0.948785046728972,0.9241379310344827,0.9581308411214953,0.9551738583996648,0.2788785046728972,12071050104,1.627619337304816,1.4250958190577845,1.0991429272626203,1.0727157984247018,0.5091411800041453,1.1467430124108136,Medium to Low Vulnerable (zone2)
1400000US12071050105,0.8573421695151726,0.858814923189466,0.868411867364747,0.9843485617597293,0.3672828740844088,12071050105,1.4707511449517745,1.3243624304130772,0.9962196403652248,1.105480687176086,0.6705387212470352,1.1134705248306394,Medium to Low Vulnerable (zone2)
1400000US12071050106,0.8975680131904369,0.7307121661721068,0.910964550700742,0.9667870036101083,0.5080379225061831,12071050106,1.5397576720371065,1.1268175647555696,1.0450349784353976,1.0857580359473187,0.9275115256912475,1.144975955373328,Medium to Low Vulnerable (zone2)
1400000US12071050204,0.712592936802974,0.6090014064697609,0.9012546468401487,0.9444235824258356,0.6703066914498141,12071050204,1.222437102656682,0.9391296786063669,1.033896027788241,1.0606426132415632,1.2237613660820819,1.0959733576749868,Medium to Low Vulnerable (zone2)
1400000US12071050205,0.5127777777777778,0.768503937007874,0.8672222222222222,0.7873754152823921,0.61,12071050205,0.8796587063937097,1.1850955477321523,0.9948549102174844,0.8842683872020516,1.1136610193991476,1.011507714188909,Medium Vulnerable (zone3)
1400000US12071050206,0.596769992185465,0.8118081180811808,0.916123990622558,0.8276553106212425,0.58661109663975,12071050206,1.0237454548351144,1.2518741154360116,1.050953754509929,0.9295050524529958,1.0709605112699605,1.0654077777008024,Medium Vulnerable (zone3)
1400000US12071050207,0.8573025335320418,0.8373313343328336,0.8852459016393442,0.9658314350797267,0.36885245901639346,12071050207,1.4706831503171423,1.2912329898503774,1.0155312092200195,1.0846848769093032,0.6734042713378345,1.1071072995269353,Medium to Low Vulnerable (zone2)
1400000US12071050208,0.5619454485704897,0.7044592030360531,0.9277823577906018,0.9123475609756098,0.5649457415323906,12071050208,0.964004736117042,1.0863333613194137,1.0643279318834358,1.0246193755265822,1.0314066400330648,1.0341384089759078,Medium Vulnerable (zone3)
1400000US12071050210,0.7960917587085812,0.655045871559633,0.9192520186995325,0.9917398038203408,0.4500637484062898,12071050210,1.3656774473947029,1.0101339870399317,1.0545421474407537,1.1137814819043705,0.8216695948274594,1.0731609317214437,Medium Vulnerable (zone3)
1400000US12071050211,0.8935779816513761,0.979328165374677,0.9472477064220184,0.9671805072103431,0.32706422018348624,12071050211,1.5329128629712165,1.5102036471965858,1.0866580765324478,1.0861999633775943,0.5971125784566043,1.1626174257068898,Medium to Low Vulnerable (zone2)
1400000US12071050212,0.5910629654705484,0.7788461538461539,0.8813131313131313,0.9237508111615834,0.5926427443015121,12071050212,1.0139551792908932,1.20104408688531,1.0110196367884865,1.0374258887286687,1.0819723323907056,1.0690834248168128,Medium Vulnerable (zone3)
1400000US12071050213,0.7025089605734767,0.5732243871778756,0.7533206831119544,0.8782312925170068,0.6289268395530255,12071050213,1.205138268990788,0.883958606303186,0.864190009617022,0.9863048217550229,1.1482152545313222,1.0175613922394682,Medium Vulnerable (zone3)
1400000US12071050305,0.924159724217179,0.8375262054507338,0.9629416834243034,0.9846287703016241,0.2289571962079862,12071050305,1.585375152232819,1.2915334969565664,1.1046618011620535,1.105795377666305,0.4180011549635354,1.1010733965962558,Medium to Low Vulnerable (zone2)
1400000US12071050306,0.873981997428204,0.9129032258064517,0.91941705957994,0.95,0.2970424346335191,12071050306,1.4992963942409014,1.4077709902512323,1.0547314780714185,1.066905254516568,0.54230259107995,1.114201341632014,Medium to Low Vulnerable (zone2)
1400000US12071050311,0.8541126029561097,0.8725575969670458,0.9532805429864253,0.9767052375152253,0.44905788107864153,12071050311,1.4652108963983577,1.3455547506127048,1.0935787906525962,1.0968967894935227,0.8198332091987888,1.1642148872711942,Medium to Low Vulnerable (zone2)
1400000US12071050312,0.7147675258973741,0.9052573932092004,0.8884606119007468,0.9816457632303457,0.4632618646109371,12071050312,1.226167561176175,1.3959804948049936,1.0192190417115436,1.102445287225666,0.8457650498219117,1.117915486948058,Medium to Low Vulnerable (zone2)
1400000US12071050315,0.9769173492181683,0.966931216931217,0.9367088607594937,0.9903201787043932,0.12732688011913626,12071050315,1.6758796673892595,1.491086544865256,1.074568185283443,1.112187160330004,0.23245734936129567,1.1172357814458516,Medium to Low Vulnerable (zone2)
1400000US12071050316,0.9737065309584394,0.882183908045977,0.9732824427480916,0.9887152777777778,0.16666666666666666,12071050316,1.6703715811202744,1.3603993048841414,1.11652445288503,1.1103847632441255,0.3042789670489474,1.1123918138365039,Medium to Low Vulnerable (zone2)
1400000US12071050317,0.7562171628721541,0.6788154897494305,0.8787023977433004,0.9577464788732394,0.4203102961918195,12071050317,1.2972734780506094,1.0467886706811083,1.0080246707409601,1.0756050008469478,0.7673494965917038,1.039008263382266,Medium Vulnerable (zone3)
1400000US12071050318,0.7584584765695676,0.7552809884416102,0.9097159399312467,0.9618596253667344,0.4570291297267957,12071050318,1.3011184011208594,1.1647046860603403,1.0436026044450266,1.0802243035906385,0.8343861090272928,1.0848072208488315,Medium to Low Vulnerable (zone2)
1400000US12071050319,0.9475552050473186,0.8840037418147801,0.9676656151419558,0.9364313897413415,0.2535488958990536,12071050319,1.6255095716526446,1.3632056365021914,1.110080973485378,1.0516669160097785,0.46289757684339083,1.1226721348986766,Medium to Low Vulnerable (zone2)
1400000US12071050320,0.7932115845784911,0.7687374749498997,0.853586027499071,0.9507086947323884,0.4267930137495355,12071050320,1.3607365736687715,1.1854556822246296,0.979211820211965,1.0677011599206032,0.7791848242044953,1.074458012046093,Medium Vulnerable (zone3)
1400000US12071050321,0.9276315789473685,0.7523645743766122,0.9572368421052632,1.0,0.3693609022556391,12071050321,1.5913310406763095,1.1602073384771525,1.0981173547066623,1.123058162649019,0.6743325228396787,1.1294092838697645,Medium to Low Vulnerable (zone2)
1400000US12071050322,0.9525262800949474,0.901829268292683,0.9257375381485249,0.9938962360122076,0.13157002373685994,12071050322,1.6340373387191776,1.3906940474883382,1.061982167661416,1.1162032806796456,0.24020394550354343,1.088624156010424,Medium to Low Vulnerable (zone2)
1400000US12071050323,0.9364471669218989,0.9036144578313253,0.9272588055130169,1.0,0.3560490045941807,12071050323,1.606453982913358,1.3934469548870174,1.0637273262476896,1.123058162649019,0.6500293400203395,1.1673431533434848,Medium to Low Vulnerable (zone2)
1400000US12071050324,0.9583979328165375,0.9425465838509317,0.9798449612403101,0.9916060436485731,0.26356589147286824,12071050324,1.6441100264628836,1.4534834582642406,1.1240528044171747,1.1136312614516295,0.481185343240196,1.1632925787672248,Medium to Low Vulnerable (zone2)
1400000US12071050325,0.912358133669609,0.8654592496765847,0.9347414880201765,0.9715079916608756,0.35655737704918034,12071050325,1.5651297899640928,1.3346085220183082,1.0723112661457828,1.0910599801135015,0.65095746229324,1.142813404106985,Medium to Low Vulnerable (zone2)
1400000US12071050401,0.5126916975145426,0.6960352422907489,0.9639161581321305,0.6310417292104473,0.5473600424515787,12071050401,0.8795110376446237,1.0733429290095944,1.1057796933506097,0.7086965649619448,0.9993008899262062,0.9533262229785958,Medium Vulnerable (zone3)
1400000US12071050402,0.4619025082820634,0.7988622511174319,0.8999842246411106,0.8023740108288213,0.44833569963716674,12071050402,0.7923833296291846,1.2319105361211091,1.0324386322898602,0.9011126823587401,0.8185147414605856,0.955271984371896,Medium Vulnerable (zone3)
1400000US12071050501,0.5666144200626959,0.7659425367904695,0.8947678992918962,0.8015752802181157,0.581825334382376,12071050501,0.9720142513515402,1.181145660363423,1.0264545987238614,0.9002156614266296,1.062223270492667,1.0284106884716242,Medium Vulnerable (zone3)
1400000US12071050502,0.5816690442225392,0.6821829855537721,0.7917261055634808,0.7920353982300885,0.48787446504992865,12071050502,0.9978401193739066,1.0519816229778394,0.9082477172331527,0.8895018190892673,0.8906996296497006,0.9476541816647733,Medium Vulnerable (zone3)
1400000US12071050601,0.8717521652231845,0.7129951355107713,0.9117255163224517,0.9718142119888845,0.47301798800799466,12071050601,1.4954711674117611,1.0994964631389263,1.0459079385209045,1.0914038833524409,0.8635765487198641,1.1191712002287795,Medium to Low Vulnerable (zone2)
1400000US12071050603,0.5847887323943662,0.6546355272469923,0.9554929577464789,0.7841552142279709,0.6940845070422536,12071050603,1.0031918740335448,1.0095012027501842,1.0961168156605774,0.8806519141225129,1.2671719010849687,1.0513267415303578,Medium Vulnerable (zone3)
1400000US12071050604,0.9087221095334685,0.5995893223819302,0.9219066937119675,0.9702489374620522,0.4670385395537525,12071050604,1.5588922726093533,0.9246154797711637,1.0575875219750743,1.0896459890182952,0.8526600263247888,1.096680257939735,Medium to Low Vulnerable (zone2)
1400000US12071060101,0.9707187222715173,0.8881239242685026,0.7697189483227561,0.9774223894637818,0.2665457842248413,12071060101,1.6652460627409877,1.36955929280324,0.883001675469185,1.0977021928432087,0.48662565537111807,1.100426975845548,Medium to Low Vulnerable (zone2)
1400000US12071060102,0.8601990049751244,0.8151815181518152,0.973134328358209,0.9456264775413712,0.39950248756218903,12071060102,1.4756519817157459,1.2570761725913637,1.1163545398866395,1.061993534419876,0.7293612254934471,1.1280874908214145,Medium to Low Vulnerable (zone2)
1400000US12071060201,0.9564068692206077,0.9152941176470588,0.9669749009247027,0.9894319682959049,0.2800528401585205,12071060201,1.6406944017945653,1.4114579398411649,1.1092886039946257,1.1111896483806014,0.5112851335353517,1.1567831455092616,Medium to Low Vulnerable (zone2)
1400000US12071060202,0.9691067830758898,0.9541809851088202,0.9267965077233042,0.9695712309820194,0.25721961047683006,12071060202,1.6624808174260368,1.471424650842818,1.0631969901766192,1.0888848852240143,0.4695991042837348,1.1511172895906445,Medium to Low Vulnerable (zone2)
1400000US12071060203,0.9569583931133429,0.9419642857142857,0.8780487804878049,0.9396825396825397,0.3902439024390244,12071060203,1.6416405285868203,1.4525855071985914,1.007274857925548,1.055318146489237,0.7124580691877794,1.1738554218775954,Medium to Low Vulnerable (zone2)
1400000US12071060300,0.9494163424124513,0.9401408450704225,0.9698443579766537,0.980788675429727,0.23346303501945526,12071060300,1.6287023108039562,1.4497736134859713,1.1125803709312208,1.1014827277750743,0.42622734683899255,1.143753273967043,Medium to Low Vulnerable (zone2)
1400000US12071070101,0.726643598615917,0.8621495327102804,0.903114186851211,0.8296107211231653,0.39891250617894214,12071070101,1.246540695928435,1.3295046693870618,1.0360292440081975,0.9317010921785096,0.7282841119382123,1.0544119626880832,Medium Vulnerable (zone3)
1400000US12071070102,0.9005754475703325,0.8495702005730659,0.8554987212276215,0.9431334622823985,0.39514066496163686,12071070102,1.5449168578498143,1.3101063165727622,0.9814060130022682,1.0591937332836783,0.7213979602413665,1.1234041761899778,Medium to Low Vulnerable (zone2)
1400000US12071070201,0.977202981148619,0.9260628465804066,0.9421306444541868,0.9002862595419847,0.47873739587900044,12071070201,1.6763696625203548,1.428064195318961,1.0807879153509925,1.011073832499379,0.8740183218345917,1.2140627855048558,Medium to Low Vulnerable (zone2)
1400000US12071070202,0.9664902998236331,0.9318181818181818,0.8350970017636684,0.9725526075022873,0.2998236331569665,12071070202,1.6579922994505594,1.436939390145612,0.9580016879452098,1.0922331444610314,0.5473801523631858,1.1385093348731197,Medium to Low Vulnerable (zone2)
1400000US12071080100,0.4968944099378882,1.0,0.5031055900621118,0.7633587786259542,0.5279503105590062,12071080100,0.8524111472897196,1.5420812967416326,0.5771497244946073,0.8572963073656634,0.9638650509003925,0.9585607053584031,Medium Vulnerable (zone3)
1400000US12071080202,0.9879518072289156,0.8128149748020158,0.8993115318416524,0.9879356568364611,0.39457831325301207,12071080202,1.6948090311022403,1.2534267703537099,1.031666936503636,1.1095092035822078,0.7203712894592551,1.1619566462002098,Medium to Low Vulnerable (zone2)
1400000US12071080203,0.9378969654199012,0.9483695652173914,0.9276504297994269,1.0,0.3020465772759351,12071080203,1.6089410795204129,1.4624629689207331,1.0641765875031233,1.123058162649019,0.5514385232051496,1.1620154643596874,Medium to Low Vulnerable (zone2)
1400000US12071080204,0.9537140724150802,0.9560761346998536,0.8973497573721538,0.9960676366496264,0.2960059723777529,12071080204,1.6360749696405494,1.474347125581678,1.0294164395563612,1.11864188988988,0.5404103490925315,1.1597781547522001,Medium to Low Vulnerable (zone2)
1400000US12071080300,0.6741767764298093,0.27157001414427157,0.8464566929133859,0.870561282932417,0.4034146341463415,12071080300,1.1565350464386448,0.41878303956774177,0.9710332319131348,0.977690954883453,0.736503529022867,0.8521091603651684,Medium to High Vulnerable (zone4)
1400000US12071090100,0.8060344827586207,1.0,0.8326118326118326,0.9588839941262849,0.43103448275862066,12071090100,1.3827339661342448,1.5420812967416326,0.9551507661513823,1.0768824966370183,0.7869283630576226,1.14875537774438,Medium to Low Vulnerable (zone2)
1400000US12071980000,999.0,999.0,999.0,999.0,999.0,12071980000,1713.76195648664,1540.539215444891,1146.026969604792,1121.93510448637,1823.848128491391,1469.2222749028165,Low Vulnerable (zone1)
1400000US12071990000,999.0,999.0,999.0,999.0,999.0,12071990000,1713.76195648664,1540.539215444891,1146.026969604792,1121.93510448637,1823.848128491391,1469.2222749028165,Low Vulnerable (zone1)
